INSERT INTO `CATEGORY` (`ID`, `NAME`) VALUES (1, 'Etel');
INSERT INTO `CATEGORY` (`ID`, `NAME`) VALUES (2, 'Ital');

INSERT INTO `PRODUCT` (`ID`, `NAME`, `PRICE`, `OUT_OF_ORDER`, `DESCRIPTION`, `CATEGORY_ID`) VALUES (1, 'Pizza', 1200, FALSE, 'Finom', 1);
INSERT INTO `PRODUCT` (`ID`, `NAME`, `PRICE`, `OUT_OF_ORDER`, `DESCRIPTION`, `CATEGORY_ID`) VALUES (2, 'Fanta', 150, FALSE, 'Nagyon Finom', 2);
INSERT INTO `PRODUCT` (`ID`, `NAME`, `PRICE`, `OUT_OF_ORDER`, `DESCRIPTION`, `CATEGORY_ID`) VALUES (3, 'Csirek', 800, TRUE, 'Nem Finom', 1);
INSERT INTO `PRODUCT` (`ID`, `NAME`, `PRICE`, `OUT_OF_ORDER`, `DESCRIPTION`, `CATEGORY_ID`) VALUES (4, 'Hambi', 900, FALSE, 'Nagyon nagyon Finom', 1);
INSERT INTO `PRODUCT` (`ID`, `NAME`, `PRICE`, `OUT_OF_ORDER`, `DESCRIPTION`, `CATEGORY_ID`) VALUES (5, 'Cola', 150, FALSE, 'Hidegen Finom', 2);

INSERT INTO `USER` (`ID`, `CITY`, `EMAIL`, `LAST_LOGIN`, `NAME`, `PASSWORD`, `PHONE_NUMBER`, `POST_CODE`, `ROLE`, `STREET`, `STREET_NUMBER`) VALUES (1, 'Budapest', 'admin1', '2018-09-24T10:00:00', 'admin', '$2a$10$lW9Q6thFdccwPiRyOmQmreEtNhERoYGEsYKRL3uV97Q9u2ZGKxusW', '+36701234567', 1234, 'ROLE_ADMIN', 'Teszt utca', 10);
INSERT INTO `USER` (`ID`, `CITY`, `EMAIL`, `LAST_LOGIN`, `NAME`, `PASSWORD`, `PHONE_NUMBER`, `POST_CODE`, `ROLE`, `STREET`, `STREET_NUMBER`) VALUES (2, 'Budapest', 'admin2', '2018-09-24T10:00:00', 'admin', '$2a$10$lW9Q6thFdccwPiRyOmQmreEtNhERoYGEsYKRL3uV97Q9u2ZGKxusW', '+36701234567', 1234, 'ROLE_DISPATCHER', 'Teszt utca', 10);
INSERT INTO `USER` (`ID`, `CITY`, `EMAIL`, `LAST_LOGIN`, `NAME`, `PASSWORD`, `PHONE_NUMBER`, `POST_CODE`, `ROLE`, `STREET`, `STREET_NUMBER`) VALUES (3, 'Budapest', 'admin3', '2018-09-24T10:00:00', 'admin', '$2a$10$lW9Q6thFdccwPiRyOmQmreEtNhERoYGEsYKRL3uV97Q9u2ZGKxusW', '+36701234567', 1234, 'ROLE_DELIVERER', 'Teszt utca', 10);
INSERT INTO `USER` (`ID`, `CITY`, `EMAIL`, `LAST_LOGIN`, `NAME`, `PASSWORD`, `PHONE_NUMBER`, `POST_CODE`, `ROLE`, `STREET`, `STREET_NUMBER`) VALUES (4, 'Budapest', 'admin4', '2018-09-24T10:00:00', 'admin', '$2a$10$lW9Q6thFdccwPiRyOmQmreEtNhERoYGEsYKRL3uV97Q9u2ZGKxusW', '+36701234567', 1234, 'ROLE_USER', 'Teszt utca', 10);
INSERT INTO `USER` (`ID`, `CITY`, `EMAIL`, `LAST_LOGIN`, `NAME`, `PASSWORD`, `PHONE_NUMBER`, `POST_CODE`, `ROLE`, `STREET`, `STREET_NUMBER`) VALUES (5, 'Budapest', 'admin5', '2018-09-24T10:00:00', 'admin', '$2a$10$lW9Q6thFdccwPiRyOmQmreEtNhERoYGEsYKRL3uV97Q9u2ZGKxusW', '+36701234567', 1234, 'ROLE_USER', 'Teszt utca', 10);

INSERT INTO `RESERVATION` (`ID`, `MESSAGE`, `ORDER_TIME`, `USER_ID`) VALUES (1, 'NINCS ÜZENET', '2018-09-24T10:00:00', 4);
INSERT INTO `RESERVATION` (`ID`, `MESSAGE`, `ORDER_TIME`, `USER_ID`) VALUES (2, 'VAN ÜZENET', '2018-09-25T10:00:00', 4);
INSERT INTO `RESERVATION` (`ID`, `MESSAGE`, `ORDER_TIME`, `USER_ID`) VALUES (3, 'MINEK ÜZENET', '2018-09-26T10:00:00', 5);

INSERT INTO `PIECE` (`ID`, `PIECE`, `PRODUCTS_ID`) VALUES (1, 1, 1);
INSERT INTO `PIECE` (`ID`, `PIECE`, `PRODUCTS_ID`) VALUES (2, 3, 3);
INSERT INTO `PIECE` (`ID`, `PIECE`, `PRODUCTS_ID`) VALUES (3, 2, 4);
INSERT INTO `PIECE` (`ID`, `PIECE`, `PRODUCTS_ID`) VALUES (4, 1, 2);
INSERT INTO `PIECE` (`ID`, `PIECE`, `PRODUCTS_ID`) VALUES (5, 4, 5);
INSERT INTO `PIECE` (`ID`, `PIECE`, `PRODUCTS_ID`) VALUES (6, 2, 3);
INSERT INTO `PIECE` (`ID`, `PIECE`, `PRODUCTS_ID`) VALUES (7, 2, 3);
INSERT INTO `PIECE` (`ID`, `PIECE`, `PRODUCTS_ID`) VALUES (8, 4, 4);
INSERT INTO `PIECE` (`ID`, `PIECE`, `PRODUCTS_ID`) VALUES (9, 3, 1);
INSERT INTO `PIECE` (`ID`, `PIECE`, `PRODUCTS_ID`) VALUES (10, 7, 5);

INSERT INTO `PIECE_RESERVATIONS` (`PIECES_ID`, `RESERVATIONS_ID`) VALUES (1, 1);
INSERT INTO `PIECE_RESERVATIONS` (`PIECES_ID`, `RESERVATIONS_ID`) VALUES (2, 1);
INSERT INTO `PIECE_RESERVATIONS` (`PIECES_ID`, `RESERVATIONS_ID`) VALUES (3, 1);
INSERT INTO `PIECE_RESERVATIONS` (`PIECES_ID`, `RESERVATIONS_ID`) VALUES (4, 2);
INSERT INTO `PIECE_RESERVATIONS` (`PIECES_ID`, `RESERVATIONS_ID`) VALUES (5, 2);
INSERT INTO `PIECE_RESERVATIONS` (`PIECES_ID`, `RESERVATIONS_ID`) VALUES (6, 2);
INSERT INTO `PIECE_RESERVATIONS` (`PIECES_ID`, `RESERVATIONS_ID`) VALUES (7, 3);
INSERT INTO `PIECE_RESERVATIONS` (`PIECES_ID`, `RESERVATIONS_ID`) VALUES (8, 3);
INSERT INTO `PIECE_RESERVATIONS` (`PIECES_ID`, `RESERVATIONS_ID`) VALUES (9, 3);
INSERT INTO `PIECE_RESERVATIONS` (`PIECES_ID`, `RESERVATIONS_ID`) VALUES (10, 3);