INSERT INTO `CATEGORY` (`ID`, `NAME`) VALUES (1, 'Etel');
INSERT INTO `CATEGORY` (`ID`, `NAME`) VALUES (2, 'Ital');

INSERT INTO `PRODUCT` (`ID`, `NAME`, `PRICE`, `OUT_OF_ORDER`, `DESCRIPTION`, `CATEGORY_ID`) VALUES (1, 'Pizza', 1200, FALSE, 'Finom', 1);
INSERT INTO `PRODUCT` (`ID`, `NAME`, `PRICE`, `OUT_OF_ORDER`, `DESCRIPTION`, `CATEGORY_ID`) VALUES (2, 'Fanta', 150, FALSE, 'Nagyon Finom', 2);
INSERT INTO `PRODUCT` (`ID`, `NAME`, `PRICE`, `OUT_OF_ORDER`, `DESCRIPTION`, `CATEGORY_ID`) VALUES (3, 'Csirek', 800, TRUE, 'Nem Finom', 1);
INSERT INTO `PRODUCT` (`ID`, `NAME`, `PRICE`, `OUT_OF_ORDER`, `DESCRIPTION`, `CATEGORY_ID`) VALUES (4, 'Hambi', 900, FALSE, 'Nagyon nagyon Finom', 1);
INSERT INTO `PRODUCT` (`ID`, `NAME`, `PRICE`, `OUT_OF_ORDER`, `DESCRIPTION`, `CATEGORY_ID`) VALUES (5, 'Cola', 150, FALSE, 'Hidegen Finom', 2);

INSERT INTO `USER` (`ID`, `CITY`, `EMAIL`, `LAST_LOGIN`, `NAME`, `PASSWORD`, `PHONE_NUMBER`, `POST_CODE`, `ROLE`, `STREET`, `STREET_NUMBER`) VALUES (1, 'Budapest', 'admin', '2018-09-24T10:00:00', 'admin', '$2a$10$lW9Q6thFdccwPiRyOmQmreEtNhERoYGEsYKRL3uV97Q9u2ZGKxusW', '+36701234567', 1234, 'ROLE_ADMIN', 'Teszt utca', 10);
INSERT INTO `USER` (`ID`, `CITY`, `EMAIL`, `LAST_LOGIN`, `NAME`, `PASSWORD`, `PHONE_NUMBER`, `POST_CODE`, `ROLE`, `STREET`, `STREET_NUMBER`) VALUES (2, 'Győr', 'pityu', '2018-09-30T10:00:00', 'Pista', '$2y$12$D2snWEOav2bV.AIxouh3WeoFNANc023t.vdEtJubhFn0RpglhAkPK', '+36201122334', 4321, 'ROLE_USER', 'Nem Teszt út', 12);

INSERT INTO `RESERVATION` (`ID`, `MESSAGE`, `ORDER_TIME`, `USER_ID`) VALUES (1, 'NINCS ÜZENET', '2018-09-24T10:00:00', 1);
INSERT INTO `RESERVATION` (`ID`, `MESSAGE`, `ORDER_TIME`, `USER_ID`) VALUES (2, 'VAN ÜZENET', '2018-09-25T10:00:00', 1);
INSERT INTO `RESERVATION` (`ID`, `MESSAGE`, `ORDER_TIME`, `USER_ID`) VALUES (3, 'MINEK ÜZENET', '2018-09-26T10:00:00', 2);

INSERT INTO `RESERVATION_PRODUCTS` (`RESERVATIONS_ID`, `PRODUCTS_ID`) VALUES (1, 1);
INSERT INTO `RESERVATION_PRODUCTS` (`RESERVATIONS_ID`, `PRODUCTS_ID`) VALUES (1, 2);
INSERT INTO `RESERVATION_PRODUCTS` (`RESERVATIONS_ID`, `PRODUCTS_ID`) VALUES (1, 3);
INSERT INTO `RESERVATION_PRODUCTS` (`RESERVATIONS_ID`, `PRODUCTS_ID`) VALUES (2, 1);
INSERT INTO `RESERVATION_PRODUCTS` (`RESERVATIONS_ID`, `PRODUCTS_ID`) VALUES (2, 4);
INSERT INTO `RESERVATION_PRODUCTS` (`RESERVATIONS_ID`, `PRODUCTS_ID`) VALUES (3, 2);
INSERT INTO `RESERVATION_PRODUCTS` (`RESERVATIONS_ID`, `PRODUCTS_ID`) VALUES (3, 3);
INSERT INTO `RESERVATION_PRODUCTS` (`RESERVATIONS_ID`, `PRODUCTS_ID`) VALUES (3, 4);
INSERT INTO `RESERVATION_PRODUCTS` (`RESERVATIONS_ID`, `PRODUCTS_ID`) VALUES (3, 5);

