INSERT INTO `CATEGORY` (`ID`, `NAME`) VALUES (1, 'Etel');
INSERT INTO `CATEGORY` (`ID`, `NAME`) VALUES (2, 'Ital');

INSERT INTO `PRODUCT` (`ID`, `NAME`, `PRICE`, `OUT_OF_ORDER`, `DESCRIPTION`, `CATEGORY_ID`, `URL`) VALUES (1, 'Hamburger', 1000, FALSE, 'Finom', 1, '/img/hamburger.jpeg');
INSERT INTO `PRODUCT` (`ID`, `NAME`, `PRICE`, `OUT_OF_ORDER`, `DESCRIPTION`, `CATEGORY_ID`, `URL`) VALUES (2, 'Palacsinta', 1000, FALSE, 'Nagyon Finom', 1,'/img/pancake.jpeg');
INSERT INTO `PRODUCT` (`ID`, `NAME`, `PRICE`, `OUT_OF_ORDER`, `DESCRIPTION`, `CATEGORY_ID`, `URL`) VALUES (3, 'Salata', 1000, TRUE, 'Nem Finom', 1,'/img/salad.jpg');
INSERT INTO `PRODUCT` (`ID`, `NAME`, `PRICE`, `OUT_OF_ORDER`, `DESCRIPTION`, `CATEGORY_ID`, `URL`) VALUES (4, 'Lazac', 1000, FALSE, 'Nagyon nagyon Finom', 1,'/img/salmon.jpeg');
INSERT INTO `PRODUCT` (`ID`, `NAME`, `PRICE`, `OUT_OF_ORDER`, `DESCRIPTION`, `CATEGORY_ID`, `URL`) VALUES (5, 'Taco', 1000, TRUE, '-', 1,'/img/taco.jpeg');
INSERT INTO `PRODUCT` (`ID`, `NAME`, `PRICE`, `OUT_OF_ORDER`, `DESCRIPTION`, `CATEGORY_ID`, `URL`) VALUES (6, 'Cola', 1000, FALSE, 'Hidegen jo', 2,'/img/cola.jpg');
INSERT INTO `PRODUCT` (`ID`, `NAME`, `PRICE`, `OUT_OF_ORDER`, `DESCRIPTION`, `CATEGORY_ID`, `URL`) VALUES (7, 'Tea', 1000, FALSE, 'Forron jo', 2,'/img/tea.jpg');

INSERT INTO `USER` (`ID`, `CITY`, `EMAIL`, `LAST_LOGIN`, `NAME`, `PASSWORD`, `PHONE_NUMBER`, `POST_CODE`, `ROLE`, `STREET`, `STREET_NUMBER`) VALUES (1, 'Budapest', 'admin', '2018-09-24T10:00:00', 'admin', '$2a$10$lW9Q6thFdccwPiRyOmQmreEtNhERoYGEsYKRL3uV97Q9u2ZGKxusW', '+36701234567', 1234, 'ROLE_ADMIN', 'Teszt utca', 10);
INSERT INTO `USER` (`ID`, `CITY`, `EMAIL`, `LAST_LOGIN`, `NAME`, `PASSWORD`, `PHONE_NUMBER`, `POST_CODE`, `ROLE`, `STREET`, `STREET_NUMBER`) VALUES (2, 'Budapest', 'deliver', '2018-09-24T10:00:00', 'Deliver', '$2a$10$lW9Q6thFdccwPiRyOmQmreEtNhERoYGEsYKRL3uV97Q9u2ZGKxusW', '+36701234567', 1234, 'ROLE_DELIVERER', 'Teszt utca', 10);
INSERT INTO `USER` (`ID`, `CITY`, `EMAIL`, `LAST_LOGIN`, `NAME`, `PASSWORD`, `PHONE_NUMBER`, `POST_CODE`, `ROLE`, `STREET`, `STREET_NUMBER`) VALUES (3, 'Budapest', 'guest', '2018-09-24T10:00:00', 'Guest', '$2a$10$lW9Q6thFdccwPiRyOmQmreEtNhERoYGEsYKRL3uV97Q9u2ZGKxusW', '+36701234567', 1234, 'ROLE_USER', 'Teszt utca', 10);

INSERT INTO `RESERVATION` (`ID`, `MESSAGE`, `ORDER_TIME`, `USER_ID`, `DELIVERER_ID`) VALUES (1, 'NINCS ÜZENET', '2018-09-24T10:00:00', 1, 2);
INSERT INTO `RESERVATION` (`ID`, `MESSAGE`, `ORDER_TIME`, `USER_ID`) VALUES (2, 'VAN ÜZENET', '2018-09-25T10:00:00', 3);
INSERT INTO `RESERVATION` (`ID`, `MESSAGE`, `ORDER_TIME`, `USER_ID`) VALUES (3, 'MINEK ÜZENET', '2018-09-26T10:00:00', 3);

INSERT INTO `PIECE` (`ID`, `PIECE`, `PRODUCT_ID`) VALUES (1, 1, 1);
INSERT INTO `PIECE` (`ID`, `PIECE`, `PRODUCT_ID`) VALUES (2, 3, 3);
INSERT INTO `PIECE` (`ID`, `PIECE`, `PRODUCT_ID`) VALUES (3, 2, 4);
INSERT INTO `PIECE` (`ID`, `PIECE`, `PRODUCT_ID`) VALUES (4, 1, 2);
INSERT INTO `PIECE` (`ID`, `PIECE`, `PRODUCT_ID`) VALUES (5, 4, 5);
INSERT INTO `PIECE` (`ID`, `PIECE`, `PRODUCT_ID`) VALUES (6, 2, 3);
INSERT INTO `PIECE` (`ID`, `PIECE`, `PRODUCT_ID`) VALUES (7, 2, 3);
INSERT INTO `PIECE` (`ID`, `PIECE`, `PRODUCT_ID`) VALUES (8, 4, 4);
INSERT INTO `PIECE` (`ID`, `PIECE`, `PRODUCT_ID`) VALUES (9, 3, 1);
INSERT INTO `PIECE` (`ID`, `PIECE`, `PRODUCT_ID`) VALUES (10, 7, 5);

INSERT INTO `PIECE_RESERVATIONS` (`PIECES_ID`, `RESERVATIONS_ID`) VALUES (1, 1);
INSERT INTO `PIECE_RESERVATIONS` (`PIECES_ID`, `RESERVATIONS_ID`) VALUES (2, 1);
INSERT INTO `PIECE_RESERVATIONS` (`PIECES_ID`, `RESERVATIONS_ID`) VALUES (3, 1);
INSERT INTO `PIECE_RESERVATIONS` (`PIECES_ID`, `RESERVATIONS_ID`) VALUES (4, 2);
INSERT INTO `PIECE_RESERVATIONS` (`PIECES_ID`, `RESERVATIONS_ID`) VALUES (5, 2);
INSERT INTO `PIECE_RESERVATIONS` (`PIECES_ID`, `RESERVATIONS_ID`) VALUES (6, 2);
INSERT INTO `PIECE_RESERVATIONS` (`PIECES_ID`, `RESERVATIONS_ID`) VALUES (7, 3);
INSERT INTO `PIECE_RESERVATIONS` (`PIECES_ID`, `RESERVATIONS_ID`) VALUES (8, 3);
INSERT INTO `PIECE_RESERVATIONS` (`PIECES_ID`, `RESERVATIONS_ID`) VALUES (9, 3);
INSERT INTO `PIECE_RESERVATIONS` (`PIECES_ID`, `RESERVATIONS_ID`) VALUES (10, 3);